dataset,model,perturbation,p,seed,accuracy,stability
Cora,GCN,random,0.1,0,0.803,0.965
Cora,GCN,degree,0.1,0,0.808,0.977
Cora,GCN,class,0.1,0,0.807,0.985
Cora,GCN,random,0.2,0,0.796,0.936
Cora,GCN,degree,0.2,0,0.802,0.957
Cora,GCN,class,0.2,0,0.812,0.979
Cora,GCN,random,0.4,0,0.769,0.869
Cora,GCN,degree,0.4,0,0.783,0.928
Cora,GCN,class,0.4,0,0.818,0.96
Cora,GCN,random,0.1,1,0.799,0.968
Cora,GCN,degree,0.1,1,0.798,0.976
Cora,GCN,class,0.1,1,0.806,0.982
Cora,GCN,random,0.2,1,0.783,0.944
Cora,GCN,degree,0.2,1,0.79,0.959
Cora,GCN,class,0.2,1,0.805,0.979
Cora,GCN,random,0.4,1,0.775,0.893
Cora,GCN,degree,0.4,1,0.773,0.915
Cora,GCN,class,0.4,1,0.811,0.968
Cora,GCN,random,0.1,2,0.795,0.952
Cora,GCN,degree,0.1,2,0.803,0.979
Cora,GCN,class,0.1,2,0.807,0.986
Cora,GCN,random,0.2,2,0.791,0.93
Cora,GCN,degree,0.2,2,0.795,0.955
Cora,GCN,class,0.2,2,0.808,0.98
Cora,GCN,random,0.4,2,0.762,0.894
Cora,GCN,degree,0.4,2,0.781,0.933
Cora,GCN,class,0.4,2,0.815,0.957
Cora,GCN,random,0.1,3,0.792,0.975
Cora,GCN,degree,0.1,3,0.793,0.981
Cora,GCN,class,0.1,3,0.803,0.988
Cora,GCN,random,0.2,3,0.771,0.932
Cora,GCN,degree,0.2,3,0.786,0.962
Cora,GCN,class,0.2,3,0.805,0.971
Cora,GCN,random,0.4,3,0.752,0.866
Cora,GCN,degree,0.4,3,0.783,0.924
Cora,GCN,class,0.4,3,0.807,0.963
Cora,GCN,random,0.1,4,0.8,0.957
Cora,GCN,degree,0.1,4,0.796,0.974
Cora,GCN,class,0.1,4,0.808,0.985
Cora,GCN,random,0.2,4,0.779,0.922
Cora,GCN,degree,0.2,4,0.785,0.956
Cora,GCN,class,0.2,4,0.804,0.977
Cora,GCN,random,0.4,4,0.775,0.9
Cora,GCN,degree,0.4,4,0.776,0.931
Cora,GCN,class,0.4,4,0.805,0.959
Cora,GAT,random,0.1,0,0.788,0.964
Cora,GAT,degree,0.1,0,0.792,0.966
Cora,GAT,class,0.1,0,0.802,0.991
Cora,GAT,random,0.2,0,0.774,0.929
Cora,GAT,degree,0.2,0,0.785,0.95
Cora,GAT,class,0.2,0,0.796,0.977
Cora,GAT,random,0.4,0,0.76,0.865
Cora,GAT,degree,0.4,0,0.781,0.912
Cora,GAT,class,0.4,0,0.809,0.953
Cora,GAT,random,0.1,1,0.75,0.958
Cora,GAT,degree,0.1,1,0.752,0.962
Cora,GAT,class,0.1,1,0.761,0.978
Cora,GAT,random,0.2,1,0.746,0.908
Cora,GAT,degree,0.2,1,0.749,0.942
Cora,GAT,class,0.2,1,0.764,0.976
Cora,GAT,random,0.4,1,0.727,0.844
Cora,GAT,degree,0.4,1,0.73,0.903
Cora,GAT,class,0.4,1,0.774,0.946
Cora,GAT,random,0.1,2,0.769,0.964
Cora,GAT,degree,0.1,2,0.773,0.969
Cora,GAT,class,0.1,2,0.781,0.98
Cora,GAT,random,0.2,2,0.748,0.93
Cora,GAT,degree,0.2,2,0.769,0.945
Cora,GAT,class,0.2,2,0.786,0.977
Cora,GAT,random,0.4,2,0.731,0.868
Cora,GAT,degree,0.4,2,0.74,0.895
Cora,GAT,class,0.4,2,0.792,0.945
Cora,GAT,random,0.1,3,0.781,0.957
Cora,GAT,degree,0.1,3,0.778,0.96
Cora,GAT,class,0.1,3,0.8,0.982
Cora,GAT,random,0.2,3,0.776,0.906
Cora,GAT,degree,0.2,3,0.783,0.946
Cora,GAT,class,0.2,3,0.796,0.963
Cora,GAT,random,0.4,3,0.737,0.859
Cora,GAT,degree,0.4,3,0.755,0.89
Cora,GAT,class,0.4,3,0.799,0.946
Cora,GAT,random,0.1,4,0.789,0.966
Cora,GAT,degree,0.1,4,0.786,0.968
Cora,GAT,class,0.1,4,0.791,0.988
Cora,GAT,random,0.2,4,0.772,0.911
Cora,GAT,degree,0.2,4,0.778,0.953
Cora,GAT,class,0.2,4,0.795,0.973
Cora,GAT,random,0.4,4,0.764,0.866
Cora,GAT,degree,0.4,4,0.763,0.901
Cora,GAT,class,0.4,4,0.808,0.941
Cora,SAGE,random,0.1,0,0.794,0.962
Cora,SAGE,degree,0.1,0,0.8,0.986
Cora,SAGE,class,0.1,0,0.803,0.992
Cora,SAGE,random,0.2,0,0.795,0.928
Cora,SAGE,degree,0.2,0,0.793,0.954
Cora,SAGE,class,0.2,0,0.817,0.975
Cora,SAGE,random,0.4,0,0.765,0.853
Cora,SAGE,degree,0.4,0,0.779,0.925
Cora,SAGE,class,0.4,0,0.807,0.955
Cora,SAGE,random,0.1,1,0.789,0.966
Cora,SAGE,degree,0.1,1,0.78,0.968
Cora,SAGE,class,0.1,1,0.799,0.989
Cora,SAGE,random,0.2,1,0.783,0.935
Cora,SAGE,degree,0.2,1,0.779,0.955
Cora,SAGE,class,0.2,1,0.798,0.972
Cora,SAGE,random,0.4,1,0.737,0.877
Cora,SAGE,degree,0.4,1,0.757,0.908
Cora,SAGE,class,0.4,1,0.808,0.965
Cora,SAGE,random,0.1,2,0.787,0.97
Cora,SAGE,degree,0.1,2,0.798,0.978
Cora,SAGE,class,0.1,2,0.801,0.991
Cora,SAGE,random,0.2,2,0.774,0.928
Cora,SAGE,degree,0.2,2,0.787,0.961
Cora,SAGE,class,0.2,2,0.805,0.979
Cora,SAGE,random,0.4,2,0.747,0.868
Cora,SAGE,degree,0.4,2,0.775,0.916
Cora,SAGE,class,0.4,2,0.809,0.962
Cora,SAGE,random,0.1,3,0.777,0.953
Cora,SAGE,degree,0.1,3,0.785,0.979
Cora,SAGE,class,0.1,3,0.792,0.981
Cora,SAGE,random,0.2,3,0.763,0.924
Cora,SAGE,degree,0.2,3,0.779,0.971
Cora,SAGE,class,0.2,3,0.793,0.977
Cora,SAGE,random,0.4,3,0.726,0.844
Cora,SAGE,degree,0.4,3,0.759,0.909
Cora,SAGE,class,0.4,3,0.801,0.959
Cora,SAGE,random,0.1,4,0.778,0.964
Cora,SAGE,degree,0.1,4,0.794,0.976
Cora,SAGE,class,0.1,4,0.794,0.982
Cora,SAGE,random,0.2,4,0.76,0.903
Cora,SAGE,degree,0.2,4,0.769,0.945
Cora,SAGE,class,0.2,4,0.802,0.985
Cora,SAGE,random,0.4,4,0.727,0.853
Cora,SAGE,degree,0.4,4,0.75,0.897
Cora,SAGE,class,0.4,4,0.806,0.959
CiteSeer,GCN,random,0.1,0,0.68,0.962
CiteSeer,GCN,degree,0.1,0,0.681,0.98
CiteSeer,GCN,class,0.1,0,0.684,0.985
CiteSeer,GCN,random,0.2,0,0.663,0.946
CiteSeer,GCN,degree,0.2,0,0.682,0.97
CiteSeer,GCN,class,0.2,0,0.691,0.962
CiteSeer,GCN,random,0.4,0,0.666,0.888
CiteSeer,GCN,degree,0.4,0,0.684,0.949
CiteSeer,GCN,class,0.4,0,0.684,0.953
CiteSeer,GCN,random,0.1,1,0.684,0.961
CiteSeer,GCN,degree,0.1,1,0.684,0.992
CiteSeer,GCN,class,0.1,1,0.687,0.987
CiteSeer,GCN,random,0.2,1,0.662,0.938
CiteSeer,GCN,degree,0.2,1,0.678,0.973
CiteSeer,GCN,class,0.2,1,0.684,0.968
CiteSeer,GCN,random,0.4,1,0.643,0.864
CiteSeer,GCN,degree,0.4,1,0.669,0.942
CiteSeer,GCN,class,0.4,1,0.683,0.957
CiteSeer,GCN,random,0.1,2,0.674,0.952
CiteSeer,GCN,degree,0.1,2,0.682,0.981
CiteSeer,GCN,class,0.1,2,0.687,0.982
CiteSeer,GCN,random,0.2,2,0.668,0.931
CiteSeer,GCN,degree,0.2,2,0.681,0.962
CiteSeer,GCN,class,0.2,2,0.682,0.971
CiteSeer,GCN,random,0.4,2,0.664,0.9
CiteSeer,GCN,degree,0.4,2,0.685,0.95
CiteSeer,GCN,class,0.4,2,0.686,0.951
CiteSeer,GCN,random,0.1,3,0.667,0.975
CiteSeer,GCN,degree,0.1,3,0.675,0.982
CiteSeer,GCN,class,0.1,3,0.679,0.985
CiteSeer,GCN,random,0.2,3,0.659,0.925
CiteSeer,GCN,degree,0.2,3,0.67,0.975
CiteSeer,GCN,class,0.2,3,0.687,0.975
CiteSeer,GCN,random,0.4,3,0.644,0.874
CiteSeer,GCN,degree,0.4,3,0.661,0.949
CiteSeer,GCN,class,0.4,3,0.684,0.955
CiteSeer,GCN,random,0.1,4,0.674,0.967
CiteSeer,GCN,degree,0.1,4,0.679,0.988
CiteSeer,GCN,class,0.1,4,0.68,0.983
CiteSeer,GCN,random,0.2,4,0.671,0.937
CiteSeer,GCN,degree,0.2,4,0.673,0.976
CiteSeer,GCN,class,0.2,4,0.68,0.985
CiteSeer,GCN,random,0.4,4,0.652,0.874
CiteSeer,GCN,degree,0.4,4,0.666,0.942
CiteSeer,GCN,class,0.4,4,0.682,0.966
CiteSeer,GAT,random,0.1,0,0.68,0.961
CiteSeer,GAT,degree,0.1,0,0.689,0.975
CiteSeer,GAT,class,0.1,0,0.689,0.983
CiteSeer,GAT,random,0.2,0,0.685,0.942
CiteSeer,GAT,degree,0.2,0,0.684,0.966
CiteSeer,GAT,class,0.2,0,0.692,0.975
CiteSeer,GAT,random,0.4,0,0.654,0.872
CiteSeer,GAT,degree,0.4,0,0.678,0.937
CiteSeer,GAT,class,0.4,0,0.683,0.959
CiteSeer,GAT,random,0.1,1,0.623,0.944
CiteSeer,GAT,degree,0.1,1,0.632,0.978
CiteSeer,GAT,class,0.1,1,0.639,0.986
CiteSeer,GAT,random,0.2,1,0.619,0.906
CiteSeer,GAT,degree,0.2,1,0.622,0.939
CiteSeer,GAT,class,0.2,1,0.64,0.971
CiteSeer,GAT,random,0.4,1,0.613,0.867
CiteSeer,GAT,degree,0.4,1,0.616,0.92
CiteSeer,GAT,class,0.4,1,0.648,0.94
CiteSeer,GAT,random,0.1,2,0.67,0.961
CiteSeer,GAT,degree,0.1,2,0.676,0.978
CiteSeer,GAT,class,0.1,2,0.676,0.989
CiteSeer,GAT,random,0.2,2,0.672,0.936
CiteSeer,GAT,degree,0.2,2,0.668,0.961
CiteSeer,GAT,class,0.2,2,0.678,0.971
CiteSeer,GAT,random,0.4,2,0.632,0.855
CiteSeer,GAT,degree,0.4,2,0.671,0.933
CiteSeer,GAT,class,0.4,2,0.689,0.948
CiteSeer,GAT,random,0.1,3,0.655,0.958
CiteSeer,GAT,degree,0.1,3,0.666,0.974
CiteSeer,GAT,class,0.1,3,0.668,0.984
CiteSeer,GAT,random,0.2,3,0.663,0.924
CiteSeer,GAT,degree,0.2,3,0.659,0.968
CiteSeer,GAT,class,0.2,3,0.667,0.977
CiteSeer,GAT,random,0.4,3,0.636,0.869
CiteSeer,GAT,degree,0.4,3,0.659,0.932
CiteSeer,GAT,class,0.4,3,0.671,0.948
CiteSeer,GAT,random,0.1,4,0.65,0.96
CiteSeer,GAT,degree,0.1,4,0.648,0.976
CiteSeer,GAT,class,0.1,4,0.658,0.975
CiteSeer,GAT,random,0.2,4,0.641,0.933
CiteSeer,GAT,degree,0.2,4,0.648,0.964
CiteSeer,GAT,class,0.2,4,0.66,0.966
CiteSeer,GAT,random,0.4,4,0.622,0.847
CiteSeer,GAT,degree,0.4,4,0.649,0.914
CiteSeer,GAT,class,0.4,4,0.661,0.93
CiteSeer,SAGE,random,0.1,0,0.644,0.962
CiteSeer,SAGE,degree,0.1,0,0.659,0.975
CiteSeer,SAGE,class,0.1,0,0.663,0.982
CiteSeer,SAGE,random,0.2,0,0.645,0.915
CiteSeer,SAGE,degree,0.2,0,0.66,0.957
CiteSeer,SAGE,class,0.2,0,0.663,0.966
CiteSeer,SAGE,random,0.4,0,0.61,0.832
CiteSeer,SAGE,degree,0.4,0,0.633,0.921
CiteSeer,SAGE,class,0.4,0,0.662,0.94
CiteSeer,SAGE,random,0.1,1,0.656,0.957
CiteSeer,SAGE,degree,0.1,1,0.665,0.98
CiteSeer,SAGE,class,0.1,1,0.666,0.984
CiteSeer,SAGE,random,0.2,1,0.636,0.898
CiteSeer,SAGE,degree,0.2,1,0.658,0.961
CiteSeer,SAGE,class,0.2,1,0.673,0.96
CiteSeer,SAGE,random,0.4,1,0.601,0.816
CiteSeer,SAGE,degree,0.4,1,0.647,0.906
CiteSeer,SAGE,class,0.4,1,0.671,0.94
CiteSeer,SAGE,random,0.1,2,0.671,0.948
CiteSeer,SAGE,degree,0.1,2,0.685,0.984
CiteSeer,SAGE,class,0.1,2,0.693,0.99
CiteSeer,SAGE,random,0.2,2,0.657,0.918
CiteSeer,SAGE,degree,0.2,2,0.68,0.968
CiteSeer,SAGE,class,0.2,2,0.693,0.973
CiteSeer,SAGE,random,0.4,2,0.627,0.846
CiteSeer,SAGE,degree,0.4,2,0.664,0.915
CiteSeer,SAGE,class,0.4,2,0.687,0.945
CiteSeer,SAGE,random,0.1,3,0.663,0.959
CiteSeer,SAGE,degree,0.1,3,0.679,0.983
CiteSeer,SAGE,class,0.1,3,0.685,0.987
CiteSeer,SAGE,random,0.2,3,0.647,0.906
CiteSeer,SAGE,degree,0.2,3,0.671,0.963
CiteSeer,SAGE,class,0.2,3,0.683,0.972
CiteSeer,SAGE,random,0.4,3,0.643,0.837
CiteSeer,SAGE,degree,0.4,3,0.661,0.938
CiteSeer,SAGE,class,0.4,3,0.678,0.943
CiteSeer,SAGE,random,0.1,4,0.624,0.956
CiteSeer,SAGE,degree,0.1,4,0.641,0.967
CiteSeer,SAGE,class,0.1,4,0.638,0.985
CiteSeer,SAGE,random,0.2,4,0.624,0.916
CiteSeer,SAGE,degree,0.2,4,0.633,0.96
CiteSeer,SAGE,class,0.2,4,0.646,0.976
CiteSeer,SAGE,random,0.4,4,0.623,0.84
CiteSeer,SAGE,degree,0.4,4,0.634,0.926
CiteSeer,SAGE,class,0.4,4,0.651,0.95
PubMed,GCN,random,0.1,0,0.776,0.969
PubMed,GCN,degree,0.1,0,0.786,0.97
PubMed,GCN,class,0.1,0,0.786,0.993
PubMed,GCN,random,0.2,0,0.784,0.957
PubMed,GCN,degree,0.2,0,0.777,0.957
PubMed,GCN,class,0.2,0,0.792,0.984
PubMed,GCN,random,0.4,0,0.767,0.921
PubMed,GCN,degree,0.4,0,0.774,0.915
PubMed,GCN,class,0.4,0,0.793,0.97
PubMed,GCN,random,0.1,1,0.779,0.974
PubMed,GCN,degree,0.1,1,0.787,0.978
PubMed,GCN,class,0.1,1,0.795,0.987
PubMed,GCN,random,0.2,1,0.778,0.963
PubMed,GCN,degree,0.2,1,0.78,0.952
PubMed,GCN,class,0.2,1,0.792,0.977
PubMed,GCN,random,0.4,1,0.779,0.931
PubMed,GCN,degree,0.4,1,0.766,0.934
PubMed,GCN,class,0.4,1,0.804,0.965
PubMed,GCN,random,0.1,2,0.784,0.978
PubMed,GCN,degree,0.1,2,0.782,0.968
PubMed,GCN,class,0.1,2,0.781,0.992
PubMed,GCN,random,0.2,2,0.77,0.955
PubMed,GCN,degree,0.2,2,0.779,0.957
PubMed,GCN,class,0.2,2,0.784,0.985
PubMed,GCN,random,0.4,2,0.766,0.906
PubMed,GCN,degree,0.4,2,0.769,0.926
PubMed,GCN,class,0.4,2,0.786,0.971
PubMed,GCN,random,0.1,3,0.781,0.973
PubMed,GCN,degree,0.1,3,0.791,0.977
PubMed,GCN,class,0.1,3,0.786,0.985
PubMed,GCN,random,0.2,3,0.773,0.949
PubMed,GCN,degree,0.2,3,0.769,0.951
PubMed,GCN,class,0.2,3,0.795,0.973
PubMed,GCN,random,0.4,3,0.767,0.919
PubMed,GCN,degree,0.4,3,0.773,0.916
PubMed,GCN,class,0.4,3,0.787,0.965
PubMed,GCN,random,0.1,4,0.784,0.974
PubMed,GCN,degree,0.1,4,0.78,0.972
PubMed,GCN,class,0.1,4,0.786,0.991
PubMed,GCN,random,0.2,4,0.78,0.952
PubMed,GCN,degree,0.2,4,0.77,0.962
PubMed,GCN,class,0.2,4,0.786,0.981
PubMed,GCN,random,0.4,4,0.758,0.909
PubMed,GCN,degree,0.4,4,0.772,0.93
PubMed,GCN,class,0.4,4,0.791,0.969
PubMed,GAT,random,0.1,0,0.743,0.975
PubMed,GAT,degree,0.1,0,0.744,0.972
PubMed,GAT,class,0.1,0,0.742,0.991
PubMed,GAT,random,0.2,0,0.729,0.948
PubMed,GAT,degree,0.2,0,0.747,0.957
PubMed,GAT,class,0.2,0,0.746,0.988
PubMed,GAT,random,0.4,0,0.735,0.915
PubMed,GAT,degree,0.4,0,0.73,0.914
PubMed,GAT,class,0.4,0,0.751,0.97
PubMed,GAT,random,0.1,1,0.759,0.971
PubMed,GAT,degree,0.1,1,0.748,0.969
PubMed,GAT,class,0.1,1,0.756,0.991
PubMed,GAT,random,0.2,1,0.732,0.949
PubMed,GAT,degree,0.2,1,0.742,0.955
PubMed,GAT,class,0.2,1,0.761,0.98
PubMed,GAT,random,0.4,1,0.74,0.917
PubMed,GAT,degree,0.4,1,0.748,0.91
PubMed,GAT,class,0.4,1,0.762,0.956
PubMed,GAT,random,0.1,2,0.749,0.979
PubMed,GAT,degree,0.1,2,0.75,0.974
PubMed,GAT,class,0.1,2,0.748,0.99
PubMed,GAT,random,0.2,2,0.748,0.942
PubMed,GAT,degree,0.2,2,0.753,0.957
PubMed,GAT,class,0.2,2,0.747,0.984
PubMed,GAT,random,0.4,2,0.742,0.935
PubMed,GAT,degree,0.4,2,0.747,0.932
PubMed,GAT,class,0.4,2,0.764,0.96
PubMed,GAT,random,0.1,3,0.754,0.973
PubMed,GAT,degree,0.1,3,0.753,0.975
PubMed,GAT,class,0.1,3,0.752,0.994
PubMed,GAT,random,0.2,3,0.739,0.948
PubMed,GAT,degree,0.2,3,0.749,0.957
PubMed,GAT,class,0.2,3,0.754,0.986
PubMed,GAT,random,0.4,3,0.74,0.911
PubMed,GAT,degree,0.4,3,0.744,0.916
PubMed,GAT,class,0.4,3,0.756,0.96
PubMed,GAT,random,0.1,4,0.681,0.952
PubMed,GAT,degree,0.1,4,0.674,0.961
PubMed,GAT,class,0.1,4,0.686,0.99
PubMed,GAT,random,0.2,4,0.686,0.93
PubMed,GAT,degree,0.2,4,0.691,0.943
PubMed,GAT,class,0.2,4,0.687,0.982
PubMed,GAT,random,0.4,4,0.679,0.868
PubMed,GAT,degree,0.4,4,0.688,0.89
PubMed,GAT,class,0.4,4,0.697,0.956
PubMed,SAGE,random,0.1,0,0.766,0.975
PubMed,SAGE,degree,0.1,0,0.766,0.972
PubMed,SAGE,class,0.1,0,0.764,0.993
PubMed,SAGE,random,0.2,0,0.765,0.968
PubMed,SAGE,degree,0.2,0,0.761,0.95
PubMed,SAGE,class,0.2,0,0.776,0.982
PubMed,SAGE,random,0.4,0,0.759,0.913
PubMed,SAGE,degree,0.4,0,0.756,0.921
PubMed,SAGE,class,0.4,0,0.775,0.971
PubMed,SAGE,random,0.1,1,0.773,0.977
PubMed,SAGE,degree,0.1,1,0.768,0.973
PubMed,SAGE,class,0.1,1,0.771,0.993
PubMed,SAGE,random,0.2,1,0.761,0.956
PubMed,SAGE,degree,0.2,1,0.768,0.96
PubMed,SAGE,class,0.2,1,0.779,0.98
PubMed,SAGE,random,0.4,1,0.766,0.92
PubMed,SAGE,degree,0.4,1,0.761,0.924
PubMed,SAGE,class,0.4,1,0.787,0.972
PubMed,SAGE,random,0.1,2,0.755,0.976
PubMed,SAGE,degree,0.1,2,0.753,0.971
PubMed,SAGE,class,0.1,2,0.757,0.981
PubMed,SAGE,random,0.2,2,0.75,0.95
PubMed,SAGE,degree,0.2,2,0.763,0.957
PubMed,SAGE,class,0.2,2,0.763,0.979
PubMed,SAGE,random,0.4,2,0.741,0.91
PubMed,SAGE,degree,0.4,2,0.752,0.931
PubMed,SAGE,class,0.4,2,0.767,0.959
PubMed,SAGE,random,0.1,3,0.77,0.982
PubMed,SAGE,degree,0.1,3,0.769,0.975
PubMed,SAGE,class,0.1,3,0.776,0.991
PubMed,SAGE,random,0.2,3,0.761,0.951
PubMed,SAGE,degree,0.2,3,0.768,0.962
PubMed,SAGE,class,0.2,3,0.783,0.983
PubMed,SAGE,random,0.4,3,0.76,0.915
PubMed,SAGE,degree,0.4,3,0.765,0.914
PubMed,SAGE,class,0.4,3,0.777,0.965
PubMed,SAGE,random,0.1,4,0.764,0.969
PubMed,SAGE,degree,0.1,4,0.764,0.982
PubMed,SAGE,class,0.1,4,0.768,0.992
PubMed,SAGE,random,0.2,4,0.759,0.962
PubMed,SAGE,degree,0.2,4,0.771,0.966
PubMed,SAGE,class,0.2,4,0.77,0.985
PubMed,SAGE,random,0.4,4,0.756,0.928
PubMed,SAGE,degree,0.4,4,0.763,0.943
PubMed,SAGE,class,0.4,4,0.774,0.973
